pagina,fila,nombre,codigo,precio_venta,costo,a_la_mano,pronosticado,dudas
1,1,ALMOHADA MICRO GEL SLEEP ESSENTIALS STANDARD RAMGUIFLEX / ALMOHADA001,ALMOHADA001,3.99,1.89,66,66,
1,2,BAR CON RUEDAS GOLD SHELF-CC-GD,BARCRG,39.99,24.98,0,0,
1,3,BIBLIOTECA 4 NIVELES + 2 PUERTAS AUTUMN OAK 100X180X30 LXI100713,LXI100713,105.99,66.55,6,6,
1,4,BIBLIOTECA 4 NIVELES + 2 PUERTAS AUTUMN OAK 140X180X30 LXI100715,LXI100715,139.99,77.21,0,0,
1,5,BIBLIOTECA 4 NIVELES + 2 PUERTAS AUTUMN OAK 60X180X30 LXI100711,LXI100711,79.99,46.70,4,4,
1,6,BIBLIOTECA 4 NIVELES + 2 PUERTAS WALNUT 100X180X30 LXI100708,LXI100708,105.99,66.73,8,8,
1,7,BIBLIOTECA 4 NIVELES + 2 PUERTAS WALNUT 120X180X30 LXI100709,LXI100709,129.99,73.33,4,4,
1,8,BIBLIOTECA 4 NIVELES + 2 PUERTAS WALNUT 140X180X30 LXI100710,LXI100710,139.99,78.16,4,4,
1,9,BIBLIOTECA 4 NIVELES + 2 PUERTAS WALNUT 60X180X30 LXI100706,LXI100706,79.99,46.70,0,0,
1,10,BIBLIOTECA 4 NIVELES + 2 PUERTAS WALNUT 80X180X30 LXI100707,LXI100707,99.99,59.47,6,6,
1,11,BIBLIOTECA 5 REPISAS YPN272102,YPN272102,77.99,43.42,23,23,
1,12,BIBLIOTECA 5 REPISAS YPN272107,YPN272107,39.99,0.00,4,4,costo 0.00 en la captura
1,13,BIBLIOTECA 80X24X179 ZJ261301,ZJ261301,55.99,31.74,1,1,
1,14,BIBLIOTECA DARK WALNUT 3 REPISAS 100X95X32 HYI271422,HYI271422,55.99,30.12,5,5,
1,15,BIBLIOTECA DARK WALNUT 3 REPISAS 80X95X32 XD271618,XD271618,49.99,27.75,5,5,
1,16,BIBLIOTECA DARK WALNUT 4 REPISAS 100X125X32 XD271623,XD271623,65.99,39.37,5,5,
1,17,BIBLIOTECA DARK WALNUT 4 REPISAS 120X125X32 HYI271426,HYI271426,69.99,40.95,5,5,
1,18,BIBLIOTECA DARK WALNUT 4 REPISAS 60X125X32 XD271616,XD271616,55.99,31.87,5,5,
1,19,BIBLIOTECA DARK WALNUT 4 REPISAS 80X125X32 HYI271419,HYI271419,65.99,37.53,5,5,
1,20,BIBLIOTECA DARK WALNUT 5 REPISAS 100X159X32 HYI271424,HYI271424,89.99,51.21,5,5,
1,21,BIBLIOTECA DARK WALNUT 5 REPISAS 120X159X32 XD271627,XD271627,95.99,53.62,0,0,
1,22,BIBLIOTECA DARK WALNUT 5 REPISAS 80X159X32 HYI271420,HYI271420,75.99,42.10,5,5,
1,23,BIBLIOTECA DARK WALNUT 6 REPISAS 100X192X32 XD271625,XD271625,95.99,55.04,4,4,
1,24,BIBLIOTECA DARK WALNUT 6 REPISAS 120X192X32 HYI271444,HYI271444,115.99,65.54,4,4,
1,25,BIBLIOTECA DARK WALNUT 6 REPISAS 120X192X32 XD271628,XD271628,99.99,60.83,4,4,
1,26,BIBLIOTECA DARK WALNUT 6 REPISAS 80X192X32 XD271621,XD271621,85.99,0.00,5,5,costo 0.00 en la captura
1,27,BIBLIOTECA YELLOW PEAR WOOD 3 REPISAS 80X95X32 XD271604,XD271604,49.99,27.75,5,5,
1,28,BIBLIOTECA YELLOW PEAR WOOD 4 REPISAS 100X125X32 HYI271409,HYI271409,65.99,40.60,5,5,
1,29,BIBLIOTECA YELLOW PEAR WOOD 4 REPISAS 100X125X32 XD271632,XD271632,75.99,41.75,4,4,
1,30,BIBLIOTECA YELLOW PEAR WOOD 4 REPISAS 120X125X32 XD271635,XD271635,79.99,43.55,5,5,
1,31,BIBLIOTECA YELLOW PEAR WOOD 4 REPISAS 60X125X32 HYI271402,HYI271402,55.99,31.86,5,5,
1,32,BIBLIOTECA YELLOW PEAR WOOD 4 REPISAS 80X125X32 XD271629,XD271629,69.99,39.92,4,4,
1,33,BIBLIOTECA YELLOW PEAR WOOD 5 REPISAS 100X159X32 XD271610,XD271610,89.99,51.21,5,5,
1,34,BIBLIOTECA YELLOW PEAR WOOD 5 REPISAS 120X159X32 XD271613,XD271613,95.99,55.62,4,4,
1,35,BIBLIOTECA YELLOW PEAR WOOD 5 REPISAS 120X159X32 XD271636,XD271636,99.99,54.47,4,4,
1,36,BIBLIOTECA YELLOW PEAR WOOD 5 REPISAS 60X159X32 HYI271403,HYI271403,69.99,40.32,5,5,
1,37,BIBLIOTECA YELLOW PEAR WOOD 5 REPISAS 80X159X32 XD271606,XD271606,75.99,42.10,5,5,
1,38,BIBLIOTECA YELLOW PEAR WOOD 5 REPISAS 80X159X32 XD271630,XD271630,79.99,45.91,4,4,
1,39,BIBLIOTECA YELLOW PEAR WOOD 6 REPISAS 100X192X32 XD271611,XD271611,95.99,55.04,4,4,
1,40,BIBLIOTECA YELLOW PEAR WOOD 6 REPISAS 120X192X32 HYI271435,HYI271435,115.99,65.54,4,4,
1,41,BIBLIOTECA YELLOW PEAR WOOD 6 REPISAS 80X192X32 HYI271407,HYI271407,85.99,52.67,4,4,
1,42,BIBLIOTECA YELLOW PEAR WOOD 6 REPISAS 80X192X32 XD271631,XD271631,99.99,58.10,0,0,
1,43,BOX SPRING DE METAL SENCILLO TAMAÑO FULL / N-F10018-F-BK,N-F10018-F-BK,59.99,29.34,-3,-3,
1,44,BOX SPRING DE METAL SENCILLO TAMAÑO KING / N-F10018-K-BK,N-F10018-K-BK,79.99,33.01,1,1,
1,45,BOX SPRING DE METAL SENCILLO TAMAÑO QUEEN / N-F10018-Q-BK,N-F10018-Q-BK,69.99,27.01,17,17,
1,46,BOX SPRINGS DE METAL SENCILLO TAMAÑO TWIN / N-F10018-T-BK,N-F10018-T-BK,49.99,24.68,0,0,
1,47,BOX TAPIZADO CON ELEVADOR BEIGE TAMAÑO FULL / L-04F / ORLANDODB,ORLANDODB,99.99,66.99,1,1,
1,48,CABECERO TAMAÑO QUEEN COLOR GRIS 159Z7Z121 / F20HBQ7508,F20HBQ7508,39.99,23.18,13,13,
1,49,CAMA 137X191 FULL GREY HIDRAULICA / LT-148137GR,LT-148137GR,189.99,128.58,0,0,
1,50,CAMA 137X191 FULL LIGHT GREY HIDRAULICA / LT-148137LG,LT-148137LG,189.99,128.58,4,4,
1,51,CAMA 153X203 QUEEN COLOR BEIGE / LD-01153B,LD-01153B,159.99,126.73,1,1,
1,52,CAMA 153X203 QUEEN COLOR LIGHT GREY / LD-01153LG,LD-01153LG,199.99,126.73,7,7,
1,53,CAMA 153X203 QUEEN DARK GREY / 2201Q-DG,2201Q-DG,129.99,62.78,7,7,
1,54,CAMA 153X203 QUEEN LIGTH GERY / 2201Q-LG,2201Q-LG,129.99,63.98,7,7,
1,55,CAMA 99X190 TWIN DARK GREY / 2201T-DG,2201T-DG,89.99,47.98,1,1,
1,56,CAMA 99X190 TWIN GREY / LT-14899GR,LT-14899GR,179.99,112.28,1,1,
1,57,CAMA 99X190 TWIN PINK / 2806T-PINK,2806T-PINK,109.99,43.25,5,5,
1,58,CAMA BUTTERFLY BLACK KING,BUTTERFLY KB,109.99,48.86,9,9,
1,59,CAMA BUTTERFLY UP TWIN BLACK HDSF-SF-T-BK,SKU: HDSF-SF-T-BK,79.99,36.88,10,10,
1,60,CAMA BUTTERFLY WHITE KING,BUTTERFLY KW,109.99,50.93,9,9,
1,61,CAMA CAMAROTE TWIN 8071T / A1721G52006040,A1721G52006040,149.99,116.00,0,0,
1,62,CAMA DE METAL NEGRA TWIN / YMO-001,YMO-001,39.99,20.91,30,30,
1,63,CAMA FELPA FULL BEIGE XHT022-F-BG,XHT022-F-BG,129.99,63.23,27,27,
1,64,CAMA FELPA FULL WHITE HK-BF-022-N-F-1-W,HK-BF-022-N-F-1-W,109.99,59.53,15,15,
1,65,CAMA FELPA FULL WHITE XHT022-F-W,XHT022-F-W,129.99,66.23,13,13,
1,66,CAMA FELPA KING BEIGE 888,,259.99,149.41,4,4,
1,67,CAMA FELPA KING WHITE HK-HK-BF-022-N-K-1-W,,159.99,81.11,10,10,
1,68,CAMA FELPA KING WHITE XHT022-K-W,XHT022-K-W,169.99,84.13,10,10,
1,69,CAMA FELPA QUEEN BEIGE 888,888Q,219.99,129.93,4,4,
1,70,CAMA FELPA QUEEN WHITE XHT022-Q-W,,149.99,75.00,14,14,
1,71,CAMA FELPA TWIN BEIGE XHT022-T-BG,XHT022-T-BG,104.99,51.44,35,35,
1,72,CAMA FELPA TWIN WHITE XHT022-T-W,XHT022-T-W,104.99,51.44,20,20,
1,73,CAMA FRAME QUEEN SIZE WITH DRAWER WITH CHARGE AND LIGHT COLOR BLACK LEATHER / Y0200200,Y0200200,189.99,107.77,11,11,
1,74,CAMA FUL 1970,USAN1037261,119.99,50.27,2,2,
1,75,CAMA FULL 1954X1420X968,1893F,79.99,33.01,5,5,
1,76,CAMA FULL 197*137*124.5cm WHITE / HD-F,HD-F,89.99,64.00,0,0,
1,77,CAMA FULL BLACK LINEN / Y0100401,Y0100401,129.99,71.57,2,2,
1,78,CAMA FULL COLOR BEIGE / 704-FBE,704-FBE,139.99,57.44,2,2,
1,79,CAMA FULL COLOR BEIGE 1806 / 1030117400,1030117400,119.99,50.27,1,1,
1,80,CAMA FULL COLOR BEIGE 6877FBE,6877FBE,99.99,50.13,20,20,
2,1,CAMA FULL COLOR BEIGE 908FBE,908FBE,179.99,92.45,1,1,
2,2,CAMA FULL COLOR BLACK / 2903FB,2903FB,119.99,61.75,2,2,
2,3,CAMA FULL COLOR BLACK WITH FLOWER PATERN,PB43-F,249.98,165.27,-1,-1,
2,4,CAMA FULL COLOR BLACK Y0200201FBK,Y0200201FBK,119.99,72.37,1,1,
2,5,CAMA FULL COLOR BLACK Y0400301FBK,Y0400301FBK,119.99,60.42,20,20,
2,6,CAMA FULL COLOR BROWN,821-FBROWN,119.99,50.27,1,1,
2,7,CAMA FULL COLOR BROWN Y0200101FBR,Y0200101FBR,119.99,72.37,0,0,
2,8,CAMA FULL COLOR CHARCOAL GRAY / BED02GR-F,BED02GR-F,129.99,73.45,1,1,
2,9,CAMA FULL COLOR DARK GREY Y0400101FDG,Y0400101FDG,119.99,69.42,20,20,
2,10,CAMA FULL COLOR GREY 2071 / J02HF-BF-2208GF,J02HF-BF-2208GF,119.99,50.27,7,7,
2,11,CAMA FULL COLOR GREY 823FGR,823FGR,119.99,60.65,1,1,
2,12,CAMA FULL COLOR GREY 903FGR,903FGR,139.99,84.60,4,4,
2,13,CAMA FULL COLOR GREY Y0200301FGR,Y0200301FGR,119.99,72.37,15,15,
2,14,CAMA FULL COLOR LIGHT GREY Y0400201FLG,Y0400201FLG,119.99,69.42,20,20,
2,15,CAMA FULL COLOR WHITE 822FWH,822FWH,99.99,51.50,9,9,
2,16,CAMA FULL CON ESTANTES 1062010734N,1062010734N,149.99,75.98,0,0,
2,17,CAMA FULL CON ESTANTES 1062010751N,1062010751N,149.99,75.98,9,9,
2,18,CAMA FULL DE METAL COLOR BLACK 189X136X35CM / YMA03-14,YMA03-14,49.99,21.32,1,1,
2,19,CAMA FULL DE METAL COLOR BLACK 189X136X45CM/ YMA03-18,YMA03-18,59.99,21.98,1,1,
2,20,CAMA FULL DE METAL COLOR BLANCO,YMO-003W,69.99,30.07,0,0,
2,21,CAMA FULL DE METAL COLOR NEGRO,YMO-003,69.99,28.97,-5,-5,
2,22,CAMA FULL LIGTH GREY LINEN,Y0100501,129.99,71.57,2,2,
2,23,CAMA FULL SIZER LINEAS EN V CON LUCES LED Y ENCHUFE COLOR NEGRO / Y0300301,Y0300301,149.99,95.00,3,3,
2,24,CAMA FULL WHITE HY013-F-WH,HY013-F-WH,159.99,78.14,1,1,
2,25,CAMA FULL beige white / YH1003FBW,YH1003FBW,129.99,59.29,1,1,
2,26,CAMA Full 195*137*105cm light grey / YH1002FLG,YH1002FLG,129.99,56.33,3,3,
2,27,CAMA Full 199.5*145*105cm Light Grey / YH1001-FLG,YH1001-FLG,129.99,73.45,1,1,
2,28,CAMA KING 193*203 GRIS CLARO COD ZEN-K-LGRY,ZEN-K-LGRY+,229.99,128.00,2,2,
2,29,CAMA KING 203*1193*45.5CM BLACK,PB-18K,79.99,32.45,2,2,
2,30,CAMA KING 209*193*124.5 CM WHITE,HD-KW,109.99,59.07,10,10,
2,31,CAMA KING 209*193*124.5CM BLACK,HD-KB,109.98,57.42,10,10,
2,32,CAMA KING BEIGE 204X199X117 / UP001-K-03,028 UP001-K-03,119.99,82.12,1,1,
2,33,CAMA KING BOTONES Y REPISA COLOR IGTH GREY / 6840KLG,6840KLG,119.99,84.36,1,1,
2,34,CAMA KING BROWN CON ESTANTES 1062010753N Y 54N (2 CAJAS),1062010753N,179.99,88.51,7,7,
2,35,CAMA KING COLOR BEIGE / 2903KBE,2903KBE,139.99,59.28,11,11,
2,36,CAMA KING COLOR BEIGE / 6866KBE,6866KBE,139.99,57.62,1,1,
2,37,CAMA KING COLOR BEIGE 811KBE,811KBE,199.99,97.59,3,3,
2,38,CAMA KING COLOR BEIGE 81904-6002,81904-5002,129.99,78.45,5,5,
2,39,CAMA KING COLOR BEIGE 908KBE,908KBE,229.99,119.15,4,4,
2,40,CAMA KING COLOR BEIGE BBCA BBCA SKU # 15621914,BBCA SKU # 15621914,119.99,72.44,2,2,
2,41,CAMA KING COLOR BEIGE LTSC-01-2806-K-BE,LTSC-01-2806-K-BE,129.99,72.99,20,20,
2,42,CAMA KING COLOR BEIGE LTSC-01-6877-K-BE,LTSC-01-6877-K-BE,129.99,72.99,18,18,
2,43,CAMA KING COLOR BLACK / 6866KB,6866KB,139.99,59.28,1,1,
2,44,CAMA KING COLOR BLACK / YMA05-14,YMA05-14,69.99,24.80,1,1,
2,45,CAMA KING COLOR BLACK 908KBK,908KBK,229.99,119.15,5,5,
2,46,CAMA KING COLOR BLAK LTSC-01-2806-K-BL,LTSC-01-2806-K-BL,129.99,72.99,24,24,
2,47,CAMA KING COLOR BLAK LTSC-01-6877 K BL,,129.99,72.99,0,0,
2,48,CAMA KING COLOR BROWN,821-KBROWN,139.99,64.33,2,2,
2,49,CAMA KING COLOR BROWN N-F12002-K-BR,N-F12002-K-BR,139.99,68.37,16,16,
2,50,CAMA KING COLOR DARK GREY 1030934-3,1030934-3,105.99,63.22,6,6,
2,51,CAMA KING COLOR GREY 803KGR,803KGR,229.99,6.00,6,6,costo 6.00 llamativo; confirmado con zoom x3
2,52,CAMA KING COLOR GREY 908KGR,908KGR,229.99,119.15,4,4,
2,53,CAMA KING COLOR GREY BBCA SKU # 15621926,BBCA SKU # 15621926,119.99,72.44,8,8,
2,54,CAMA KING COLOR GREY N-F12002-K-GR,N-F12002-K-GR,139.99,68.37,26,26,
2,55,CAMA KING COLOR LIGHT GREY 1030934-12,1030934-12,105.99,63.22,10,10,
2,56,CAMA KING COLOR LIGHT GREY LTSC-01-2806-K-LG,LTSC-01-2806-K-LG,129.99,72.99,20,20,
2,57,CAMA KING COLOR LIGHT GREY LTSC-01-6877-K-LG,LTSC-01-6877-K-LG,129.99,72.99,18,18,
2,58,CAMA KING COLOR PINK 825KPK,825KPK,159.99,64.96,1,1,
2,59,CAMA KING COLOR STONE BBCA BBCA SKU # 15621920,BBCA SKU # 15621920,119.99,72.44,9,9,
2,60,CAMA KING COLOR STONE BBCA SKU # 15621922,BBCA SKU # 15621922,139.99,72.44,9,9,
2,61,CAMA KING DARK GREY 8017-1003-K DG,8017-1003-K DG,129.99,46.11,7,7,
2,62,CAMA KING DISEÑO EN X COLOR GRIS CLARO / 6811B / OTROS,6811KLG,119.99,70.88,3,3,
2,63,CAMA KING GREY CON ESTANTES 1062010736N Y 37N (2 CAJAS),1062010736N,179.99,88.51,8,8,
2,64,CAMA KING IVORY 8017-1003-K IV,8017-1003-K IV,129.99,62.32,3,3,
2,65,CAMA KING LIGHT GREY 8017-1003-K LG,8017-1003-K LG,129.99,46.11,8,8,
2,66,CAMA KING PINK 8010-1001-K,8010-1001-K,139.99,65.66,6,6,
2,67,CAMA KING SIZE 193*203 COD ZEN-K-DGRY,ZEN-K-DGRY+,229.99,128.00,3,3,
2,68,CAMA KING WHITE CON ESTANTES 1062010732N Y 33N (2CAJAS),1062010732N,179.99,88.51,4,4,
2,69,CAMA METAL DOBLE BOARD FULL BLACK,94086,79.99,40.14,5,5,
2,70,CAMA PLEGABLE CON COLCHONETA Y FORRO KT111206,KT111206,199.99,140.28,4,4,
2,71,CAMA QUEEN 157.5*153*105CM BEIGE WHITE,YH1002QBW,139.99,60.49,2,2,
2,72,CAMA QUEEN 2094X1575X968,1893Q,89.99,47.98,2,2,
2,73,CAMA QUEEN BEIGE 199X154X117 / UP001-Q-03,028 UP001-Q-03,159.99,63.21,1,1,
2,74,CAMA QUEEN BROWN CON ESTANTES 1062010752N,1062010752N,169.99,82.49,26,26,
2,75,CAMA QUEEN CAMA BRONW,821-QBROWN,129.99,53.66,2,2,
2,76,CAMA QUEEN COLOR BEIGE 1030934-5,1030934-5,99.99,54.06,2,2,
2,77,CAMA QUEEN COLOR BEIGE 809QBE,809QBE,139.99,77.23,1,1,
2,78,CAMA QUEEN COLOR BEIGE 811QBE,811QBE,139.99,82.22,3,3,
2,79,CAMA QUEEN COLOR BEIGE 908QBE,908QBE,159.99,90.92,15,15,
2,80,CAMA QUEEN COLOR BEIGE BBCA 36130-QB1907,36130-QB1907,139.99,57.62,4,4,
3,1,CAMA QUEEN COLOR BEIGE BBCA 36130-QB1916,36130-QB1916,139.99,57.62,0,0,
3,2,CAMA QUEEN COLOR BEIGE BBCA BBCA SKU # 15621928,BBCA SKU # 15621928,99.99,60.86,0,0,
3,3,CAMA QUEEN COLOR BEIGE BBCA SKU # 15621907,BBCA SKU # 15621907,109.99,60.86,13,13,
3,4,CAMA QUEEN COLOR BLACK 908QBK,908QBK,159.99,90.92,4,4,
3,5,CAMA QUEEN COLOR BLACK WOOD / OBFWBK-Q02 TC-02,OBFWBK-Q02,99.99,48.00,1,1,
3,6,CAMA QUEEN COLOR BLACK Y0200200QBK,Y0200200QBK,129.99,76.89,0,0,
3,7,CAMA QUEEN COLOR BLACK Y0300300QBK,Y0300300QBK,129.99,68.22,41,41,
3,8,CAMA QUEEN COLOR BLACK Y0400300QBK,Y0400300QBK,129.99,73.57,0,0,
3,9,CAMA QUEEN COLOR BROWN 823QBR,823QBR,129.99,65.01,6,6,
3,10,CAMA QUEEN COLOR BROWN Y0200100QBR,Y0200100QBR,129.99,76.89,10,10,
3,11,CAMA QUEEN COLOR BROWN Y0300400QBR,Y0300400QBR,129.99,68.21,0,0,
3,12,CAMA QUEEN COLOR BROWN Y0400400QBR,Y0400400QBR,129.99,73.57,0,0,
3,13,CAMA QUEEN COLOR DARK GREY Y0400100QDG,Y0400100QDG,129.99,73.57,20,20,
3,14,CAMA QUEEN COLOR GREY BBCA BBCA SKU # 15621925,BBCA SKU # 15621925,99.99,60.86,-2,-2,
3,15,CAMA QUEEN COLOR GREY BBCA SKU # 15621924,BBCA SKU # 15621924,109.99,60.86,0,0,
3,16,CAMA QUEEN COLOR GREY Y0200300QGR,Y0200300QGR,129.99,76.89,10,10,
3,17,CAMA QUEEN COLOR IVORY 825QIV,825QIV,119.99,56.16,15,15,
3,18,CAMA QUEEN COLOR LIGHT GREY 1030934-11,1030934-11,99.99,54.06,1,1,
3,19,CAMA QUEEN COLOR LIGHT GREY Y0300200QLG,Y0300200QLG,129.99,68.21,0,0,
3,20,CAMA QUEEN COLOR LIGHT GREY Y0400200QLG,Y0400200QLG,129.99,73.57,20,20,
3,21,CAMA QUEEN COLOR PINK 6220QPK,6220QPK,129.99,72.27,1,1,
3,22,CAMA QUEEN COLOR STONE BBCA SKU # 15621930,BBCA SKU # 15621930,109.99,60.86,18,18,
3,23,CAMA QUEEN CON BAUL COLOR GREY,PB123-Q,189.99,116.90,1,1,
3,24,CAMA QUEEN CON BOTONES COLOR GRIS/ Z01DGR-Q,Z01DGR-Q,99.99,48.00,1,1,
3,25,CAMA QUEEN GREY CON ESTANTES 1062010735N,1062010735N,169.99,82.49,21,21,
3,26,CAMA QUEEN IVORY 8017-1002-Q,8017-1002-Q,109.99,53.11,26,26,
3,27,CAMA QUEEN LIGHT GREY / Y0300200,Y0300200,159.99,68.00,23,23,
3,28,CAMA QUEEN METAL Y MADERA W160969417,W160969417,89.99,45.03,35,35,
3,29,CAMA QUEEN SIZE 153*203 GRIS CLARO,ZEN-Q-LGRY+,199.99,115.12,1,1,
3,30,CAMA QUEEN SIZE CON BOTONES COLOR GRIS / Z02DGR-Q,Z02DGR-Q,99.99,48.00,1,1,
3,31,CAMA QUEEN SIZE CON CAJONES LINEAS EN V CON LUCES LED Y ENCHUFE COLOR BROWN / Y0400400,Y0400400,189.99,101.73,19,19,
3,32,CAMA QUEEN SIZE CON CAJONES LINEAS EN V CON LUCES LED Y ENCHUFE COLOR NEGRO / Y0400300,Y0400300,189.99,101.73,21,21,
3,33,CAMA QUEEN SIZE LINEAS EN V CON LUCES LED Y ENCHUFE COLOR BROWN / Y0300400,Y0300400,160.64,70.00,18,18,
3,34,CAMA QUEEN beige white / YH1003QBW,YH1003QBW,139.99,64.97,1,1,
3,35,CAMA SIZE FULL FRAME WITH DRAWER WITH CHARGE AND LIG BROWN LEATHER / Y0200101,Y0200101,179.99,92.45,4,4,
3,36,CAMA TAMAÑO KING DISEÑÑO EN X COLOR DARK GREY / 6811KDG,6811KDG,119.99,70.88,3,3,
3,37,CAMA TAMÑO QUEEN LIGTH GREY / 6877QLG,6877QLG,139.99,57.44,0,0,
3,38,CAMA TUBULAR FULL NEGRA 137X190 / 23005,23005,79.99,33.01,10,10,
3,39,CAMA TWIN 190.5*96.5*35.5cm BLACK / PB-14TB,PB-14TB,49.99,19.56,1,1,
3,40,CAMA TWIN 1944X1035X953,1901T,79.99,33.01,8,8,
3,41,CAMA TWIN 197*97*124.5cm BLACK / HD-T,HD-T,79.99,37.14,24,24,
3,42,CAMA TWIN BLACK / STQ-T,STQ-T,79.99,33.01,1,1,
3,43,CAMA TWIN COLOR BLACK 605 / 23004,23004,69.99,41.81,2,2,
3,44,CAMA TWIN SKU BE036701 LED EN FORMA DE NUBE ROSA,132T,109.99,44.37,4,4,
3,45,CAMA TWIN WHITE BF039-T-WH,BF039-T-WH,99.99,57.21,1,1,
3,46,CAMAL METAL BLACK TWIN / I870000703A1,I870000703A1,59.99,29.97,2,2,
3,47,CAMAROTE ARRIBA TWIN BLACK 8803T,A1721G52004297,159.99,88.83,0,0,
3,48,CAMAROTE FULL 8071F,A1721G52006041,169.99,90.88,4,4,
3,49,CAMAROTE TRIPLE 3 TWIN W160969418,W160969418,189.99,93.30,41,41,
3,50,COLCHON DR DREAM ORTOPEDICO FULL 4/6 / DR-1032,DR-1032,238.99,167.17,4,4,
3,51,COLCHON DR DREAM ORTOPEDICO KING SIZE / DR-1034,DR-1034,386.07,270.66,3,3,
3,52,COLCHON DR DREAM ORTOPEDICO QUEEN /DR-1033,DR-1033,278.00,196.03,4,4,
3,53,COLCHON DR DREAM SEMI-ORTOPEDICO FULL 4/6 / DR-1022,DR-1022,160.99,111.45,4,4,
3,54,COLCHON DR DREAM SEMI-ORTOPEDICO KING SIZE / DR-1024,DR-1024,324.99,223.90,3,3,
3,55,COLCHON DR DREAM SEMI-ORTOPEDICO QUEEN/ DR-1023,DR-1023,210.99,144.29,5,5,
3,56,COLCHON DULCES SUEÑOS RESORTES 4/6 / DSRSO4/6,DSRSO4/6,135.99,87.44,6,6,
3,57,COLCHON DULCESUENOS SEMI RESORTE Q (A) / DSRSOQ,DSRSOQ,184.99,116.57,33,33,
3,58,COLCHON FIRST CLASS FULL DE 10 - CLFCCVTR00LBE547510P,CLFCCVTR00LBE547510P,157.99,97.82,14,14,
3,59,COLCHON FIRST CLASS QUEEN DE 10 - 7451105700280 (A) / CSOQ-10,CSOQ-10,199.99,124.60,16,16,
3,60,COLCHON FIRST CLASS SEMIORT KING DE 10 ESPUMA 7451105700297 (A / CSOK-10,CSOK-10,243.99,154.54,2,2,
3,61,COLCHON FLEX FULL ORTOPEDICO,T118,238.99,155.41,2,2,
3,62,COLCHON FLEX FULL RELAX,T102,96.99,69.00,2,2,
3,63,COLCHON FLEX FULL SEMI ORTOPEDICO,T110,170.99,106.75,6,6,
3,64,COLCHON FLEX KING ORTOPEDICO / T120,T120,432.99,261.54,6,6,
3,65,COLCHON FLEX KING SEMI-ORTOPEDICO,T112,341.99,240.75,3,3,
3,66,COLCHON FLEX QUEEN ORTOPEDICO,T119,284.99,188.40,1,1,
3,67,COLCHON FLEX QUEEN SEMI ORTOPEDICO,T111,211.01,140.31,7,7,
3,68,COLCHON FLEX TWIN RELAX,T101,81.99,65.27,10,10,
3,69,COLCHON FLEX TWIN SEMIORTOPEDIOCO,T109,139.99,95.50,5,5,
3,70,COLCHON IMPERIAL FULL 4/6 BUEN SUEÑO / IM-2002,IM-2002,96.99,69.53,7,6,pronosticado 6 distinto de a la mano 7; confirmado con zoom x3
3,71,COLCHON IMPERIAL TWIN 3/4 BUEN SUEÑO/ IM-2001,IM-2001,81.99,60.19,8,8,
3,72,COLCHONETA FULL SENCILLA 5P 54X75X5 / CN10BL000PE05407505P,CN10BL000PE05407505P,49.23,31.61,12,12,
3,73,COLCHONETA TWIN 39X75X5P / CN10BL00PE03907505P,CN10BL00PE03907505P,34.99,35.06,4,4,costo (35.06) mayor que precio (34.99); confirmado con zoom x3
3,74,COLCHONETA TWIN SENCILLA 39X75X8P / CN10BL0CZ0PE03907508P,CN10BL0CZ0PE03907508P,54.99,35.61,29,29,
3,75,COMBO BOX SPRING DE METAL SENCILLO TAMAÑO FULL / N-F10018-F-BK + COLCHON IMPERIAL,,146.99,0.00,,,
3,76,COMBO CAMA BUTTERFLY BLACK KING + COLCHON FIRST CLASS,,319.99,0.00,,,
3,77,COMBO CAMA BUTTERFLY UP TWIN + COLCHO IMPERIAL,,155.99,0.00,,,
3,78,COMBO CAMA BUTTERFLY WHITE KING + COLCHON FIRST CLASS,,319.99,0.00,,,
3,79,COMBO CAMA FELPA FULL BEIGE XHT022-F-BG + COLCHÓN IMPERIAL,,219.99,100.00,,,
3,80,COMBO CAMA FELPA FULL WHITE XHT022-F-W + COLCHÓN IMPERIAL,,219.99,0.00,,,
4,1,COMBO CAMA FELPA KING WHITE XHT022-K-W + COLCHÓN FIRST,,389.99,0.00,,,
4,2,COMBO CAMA FELPA QUEEN WHITE XHT022-Q-W + COLCHON DULCES SUEÑOS,,308.99,0.00,,,
4,3,COMBO CAMA FELPA TWIN BEIGE XHT022-T-BG + COLCHÓN IMPERIAL,,179.99,0.00,,,
4,4,COMBO CAMA FELPA TWIN WHITE XHT022-T-W + COLCHÓN IMPERIAL,,179.99,0.00,,,
4,5,COMBO CAMA FULL COLOR GREY 2071 / J02HF-BF-2208GF + COLCHON BUEN SUEÑO,,119.99,0.00,,,
4,6,COMBO CAMA FULL CON ESTANTES 1062010734N + COLCHON IMPERIAL,,236.99,0.00,,,
4,7,COMBO CAMA FULL CON ESTANTES 1062010751N + COLCHON IMPERIAL,,236.99,0.00,,,
4,8,COMBO CAMA FULL WHITE HY013-F-WH + COLCHÓN IMPERIAL,,246.99,0.00,,,
4,9,COMBO CAMA KING COLOR BEIGE 81904-6002 + COLCHON FIRST CLASS,,339.99,0.00,,,
4,10,COMBO CAMA KING COLOR BEIGE BBCA BBCA SKU # 15621914 + COLCHON FIRST CLASS,,329.99,0.00,,,
4,11,COMBO CAMA KING COLOR BEIGE LTSC-01-2806-K-BE + COLCHON FIRST CLASS,,339.99,0.00,,,
4,12,COMBO CAMA KING COLOR BEIGE LTSC-01-6877-K-BE + COLCHON FIRST CLASS,,339.99,0.00,,,
4,13,COMBO CAMA KING COLOR BLAK LTSC-01-2806-K-BL + COLCHON FIRST CLASS,,339.99,0.00,,,
4,14,COMBO CAMA KING COLOR BLAK LTSC-01-6877 K BL + COLCHON FIRST CLASS,,339.99,0.00,,,
4,15,COMBO CAMA KING COLOR BROWN N-F12002-K-BR +COLCHON FIRST CLASS,,349.99,0.00,,,
4,16,COMBO CAMA KING COLOR DARK GREY 1030934-3 + COLCHON FIRST CLASS,,315.99,0.00,,,
4,17,COMBO CAMA KING COLOR GREY BBCA SKU # 15621926 + COLCHON FIRST CLASS,,329.99,0.00,,,
4,18,COMBO CAMA KING COLOR GREY N-F12002-K-GR + COLCHON FIRST CLASS,,139.99,0.00,,,
4,19,COMBO CAMA KING COLOR LIGHT GREY 1030934-12 + COLCHON FIRST CLASS,,315.99,0.00,,,
4,20,COMBO CAMA KING COLOR LIGHT GREY LTSC-01-2806-K-LG + COLCHON FIRST CLASS,,339.99,0.00,,,
4,21,COMBO CAMA KING COLOR LIGHT GREY LTSC-01-6877-K-LG + COLCHON FIRST CLASS,,339.99,0.00,,,
4,22,COMBO CAMA KING COLOR STONE BBCA BBCA SKU # 15621920 + COLCHON FIRST CLASS,,329.99,0.00,,,
4,23,COMBO CAMA KING COLOR STONE BBCA SKU # 15621922 + COLCHON FIRST CLASS,,349.99,0.00,,,
4,24,COMBO CAMA KING CON ESTANTES 1062010753-54N + COLCHON IMPERIAL,,388.99,0.00,,,
4,25,COMBO CAMA KING DARK GREY 8017-1003-K DG + COLCHÓN FIRST CLASS,,339.99,0.00,,,
4,26,COMBO CAMA KING GREY CON ESTANTES 1062010736N Y 37N + COLCHON FIRST CLASS,,388.99,0.00,,,
4,27,COMBO CAMA KING IVORY 8017-1003-K IV + COLCHÓN FIRST CLASS,,339.99,0.00,,,
4,28,COMBO CAMA KING LIGHT GREY 8017-1003-K LG +COLCHÓN FIRST CLASS,,339.99,0.00,,,
4,29,COMBO CAMA KING WHITE CON ESTANTES 1062010732N Y 33N + COLCHON FIRST CLASS,,388.99,0.00,,,
4,30,COMBO CAMA QUEEN BLACK / Y0300300 + COLCHON DULCES SUEÑOS,,318.99,0.00,,,
4,31,COMBO CAMA QUEEN BROWN CON ESTANTES 1062010752N + COLCHON DULCES SUEÑOS,,329.99,0.00,,,
4,32,COMBO CAMA QUEEN COLOR BEIGE 1030934-5 + COLCHON DULCES SUEÑOS,,258.99,0.00,,,
4,33,COMBO CAMA QUEEN COLOR BEIGE BBCA BBCA SKU # 15621928 + COLCHON DULCES SUEÑOS,,258.99,0.00,,,
4,34,COMBO CAMA QUEEN COLOR BEIGE BBCA SKU # 15621907 + COLCHON DULCES SUEÑOS,,268.99,0.00,,,
4,35,COMBO CAMA QUEEN COLOR GREY BBCA BBCA SKU # 15621925 + COLCHON DULCES SUEÑOS,,258.99,0.00,,,
4,36,COMBO CAMA QUEEN COLOR GREY BBCA SKU # 15621924 + COLCHON DULCES SUEÑOS,,268.99,0.00,,,
4,37,COMBO CAMA QUEEN COLOR LIGHT GREY 1030934-11 + COLCHON DULCES SUEÑOS,,258.99,0.00,,,
4,38,COMBO CAMA QUEEN COLOR STONE BBCA SKU # 15621930 + COLCHON DULCES SUEÑOS,,268.99,0.00,,,
4,39,COMBO CAMA QUEEN GREY CON ESTANTES 1062010735N + COLCHON DULCES SUEÑOS,,329.99,0.00,,,
4,40,COMBO CAMA QUEEN IVORY 8017-1002-Q + COLCHÓN DULCES SUEÑOS,,268.99,0.00,,,
4,41,COMBO CAMA QUEEN W160969417 + COLCHÓN DULCES SUEÑOS,C-W160969417,249.99,0.00,,,
4,42,COMBO CAMA TWIN WHITE BF039-T-WH + COLCHÓN IMPERIAL,,175.99,0.00,,,
4,43,COMBO CAMAROTE TRIPLE 3 TWIN W160969418 + 3 COLCHONES IMPERIAL,,418.99,0.00,,,
4,44,COMODA BLACK + WARM WHITE 6 GAVETAS CON MESA 62cm XXI061701,XXI061701,85.99,51.65,10,10,
4,45,COMODA BLACK + WARM WHITE 6 GAVETAS CON MESA120cm XXI061703,XXI061703,139.99,87.08,17,17,
4,46,COMODA CON MESA BLACK & WHITE SIN ESPEJO 100cm XXI061702,XXI061702,129.99,77.84,0,0,
4,47,Descuento,,0.00,0.00,,,
4,48,ESCRITORIO CESAMO BLACK 120X60 PC0110617,PC0110617,64.99,36.49,6,6,
4,49,ESCRITORIO CON BIBLIOTECA AMERICAN WALNUT 100X50 XLB0119003,XLB0119003,129.99,55.48,6,6,
4,50,ESCRITORIO CON BIBLIOTECA YELLOW CEDAR 140X60 XLB0119018,XLB0119018,149.99,73.21,4,4,
4,51,ESCRITORIO CON REPISAS 140X50X160 XS0115607,XS0115607,89.99,52.74,12,12,
4,52,ESCRITORIO CON REPISAS 160X50X160 XS0115608,XS01115608,89.99,53.37,15,15,
4,53,ESCRITORIO CON SOPORTE REFORZADO 80X75X60 XS0116206,XS0116206,75.99,41.57,6,6,
4,54,ESCRITORIO DE ESQUINA 140X80X75 XLB0118616,XLB0118616,49.99,32.23,0,0,
4,55,ESCRITORIO DE ESQUINA 180X100 XLB0118647,XLB0118647,99.99,58.03,6,6,
4,56,ESPEJO CURVO 120X45 WALNUT / DX-006120WA,DX-006120WA,14.99,10.61,5,5,
4,57,ESPEJO168X46 WHITE,DX-024168WH,69.99,41.84,2,2,
4,58,ESPEJOS 120 X 40CM BLACK,DX-006120B,14.99,10.61,2,2,
4,59,ESPEJOS 120 X 40CM WOOD,DX-004120WO,14.99,10.61,2,2,
4,60,ESPEJOS 120X30 BLACK,DX-001120B,10.99,6.98,0,0,
4,61,ESPEJOS 120X30 WHITE,DX-001120WH,10.99,6.98,1,1,
4,62,ESPEJOS 120X40 WOOD / DX-003120WO,DX-003120WO,14.99,10.61,1,1,
4,63,ESPEJOS 155 X 45 CM WOOD,DX-005155WO,37.99,23.98,1,1,
4,64,ESPEJOS 155 X 45CM WALNUT,DX-005155WA,37.99,23.98,4,4,
4,65,ESPEJOS 155 X 45CM WALNUT,DX-005155R,37.99,23.98,3,3,
4,66,ESPEJOS 160X50 WALNUT / DX-003160WA,DX-003160WA,31.99,19.98,2,2,
4,67,ESPEJOS 160X50 WALNUT / DX-006160WA,DX-006160WA,31.99,19.98,3,3,
4,68,ESPEJOS 160X50 WOOD,DX-017160WO,31.99,19.98,1,1,
4,69,ESPEJOS 160X50 WOOD / DX-004160WO,DX-004160WO,31.99,19.98,1,1,
4,70,ESPEJOS 168X46 BLACK,DX-024168B,69.99,41.84,1,1,
4,71,ESPEJOS 170X40 WALNUT / DX-022170WA,DX-022170WA,69.99,22.90,1,1,
4,72,ESPEJOS 170X40 WHITE / DX-021170WH,DX-021170WH,69.99,22.90,2,2,
4,73,ESPEJOS 170X40 WHITE / DX-022170WH,DX-022170WH,69.99,22.90,2,2,
4,74,ESPEJOS 170X40 WOOD / DX-021170WO,DX-021170WO,69.99,22.90,1,1,
4,75,ESPEJOS 170X40 WOOD / DX-022170WO,DX-022170WO,69.99,22.90,2,2,
4,76,ESPEJOS 40X60 BLACK / DX-00740B,DX-00740B,10.99,6.63,1,1,
4,77,ESPEJOS 40X60 GOLDEN / DX-00740G,DX-00740G,10.99,6.63,0,0,
4,78,ESPEJOS 40X60 WHITE / DX-00740WH,DX-00740WH,10.99,6.63,1,1,
4,79,ESPEJOS 46X166 WALNUT / DX-01946WA,DX-01946WA,60.00,24.69,2,2,
4,80,ESPEJOS 46X166 WALNUT / DX-02046WA,DX-02046WA,60.00,24.69,2,2,
5,1,ESPEJOS 46X166 WHITE / DX-01946WH,DX-01946WH,60.00,24.69,2,2,
5,2,ESPEJOS 46X166 WHITE / DX-02046WH,DX-02046WH,60.00,24.69,3,3,
5,3,ESPEJOS 46X166 WOOD / DX-01946WO,DX-01946WO,60.00,24.69,1,1,
5,4,ESPEJOS 46X166 WOOD / DX-02046WO,DX-02046WO,60.00,24.69,1,1,
5,5,ESPEJOS 46X168 WALNUT / DX-023-146WA,DX-023-146WA,79.99,29.97,2,2,
5,6,ESPEJOS 46X168 WALNUT / DX-023-246WA,DX-023-246WA,59.99,29.97,2,2,
5,7,ESPEJOS 46X168 WHITE / DX-023-146WH,DX-023-146WH,79.99,29.97,2,2,
5,8,ESPEJOS 46X168 WHITE / DX-023-246WH,DX-023-246WH,79.99,29.97,1,1,
5,9,ESPEJOS 50X70 BLACK / DX-00750B,DX-00750B,14.99,9.14,3,3,
5,10,ESPEJOS 50X70 GOLDEN / DX-00750G,DX-00750G,14.99,9.14,3,3,
5,11,ESPEJOS 50X70 WHITE / DX-00750WH,DX-00750WH,14.99,9.14,4,4,
5,12,HAMACA DE COLORES / LSD030,LSD030,16.99,12.70,7,7,
5,13,JUEGO DE 2 SOFÁS COLOR BLANCO 77090,77090,249.99,190.00,11,11,
5,14,JZBE110701 - CAMA FULL WHITE VELVET - CG250914110302-,1233F- WHITE,129.99,73.45,3,3,
5,15,"MESA DE NOCHE BRUSHED WHITE, 3 GAVETAS 32 CM. SHUQ090403",SHUQ090403,17.99,10.21,29,29,
5,16,"MESA DE NOCHE CREAM WHITE, 1 PUERTA, 1 GAVETA 45 CM. LXI090205",LXI090205,42.99,26.01,34,34,
5,17,"MESA DE NOCHE CREAM WHITE, 1 PUERTA, 1 GAVETA 55 CM. LXI090206",LXI090206,46.99,28.99,36,36,
5,18,"MESA DE NOCHE DARK WALNU, 1 PUERTA, 1 GAVETA 45 CM. LXI090201",LXI090201,42.99,26.01,35,35,
5,19,"MESA DE NOCHE DARK WALNU, 1 PUERTA, 1 GAVETA 55 CM. LXI090203",LXI090203,46.99,28.49,25,25,
5,20,"MESA DE NOCHE DARK WALNUT, 2 GAVETAS 40 CM. ZQ093403",ZQ093403,24.99,14.54,29,29,
5,21,"MESA DE NOCHE MORANDI PINE+ WHITE, 2 GAVETAS 32 CM. DS090208",DS090208,15.99,7.55,-1,-1,
5,22,"MESA DE NOCHE MORANDI PINE+ WHITE, 3 GAVETAS 32 CM. SHUQ090407",SHUQ090407,17.99,10.21,29,29,
5,23,"MESA DE NOCHE MORANDI PINE+ WHITE, 3 GAVETAS 40 CM. DS090226",DS090226,19.99,11.51,25,25,
5,24,"MESA DE NOCHE NORDIC MAPLE + WHITE, 3 GAVETAS 32 CM. SHUQ090405",SHUQ090405,17.99,10.21,32,32,
5,25,"MESA DE NOCHE PURE WARM WHITE, 1 GAVETA 36X34 CM. LXI090401",LXI090401,19.99,12.59,0,0,
5,26,"MESA DE NOCHE PURE WARM WHITE, 1 GAVETA 40X34 CM. LXI090403",LXI090403,24.99,13.00,0,0,
5,27,"MESA DE NOCHE PURE WARM WHITE, 1 GAVETA 48X34 CM. LXI090405",LXI090405,26.99,13.94,20,20,
5,28,"MESA DE NOCHE PURE WARM WHITE, 2 GAVETAS 36X34 CM. LXI090402",LXI090402,19.99,13.42,33,33,
5,29,"MESA DE NOCHE PURE WARM WHITE, 2 GAVETAS 48X34 CM. LXI090406",LXI090406,26.99,15.52,0,0,
5,30,"MESA DE NOCHE SESAME BLACK, 1 PUERTA, 1 GAVETA 45 CM. LXI090202",LXI090202,42.99,26.01,33,33,
5,31,"MESA DE NOCHE SESAME BLACK, 1 PUERTA, 1 GAVETA 55 CM. LXI090204",LXI090204,46.99,28.49,0,0,
5,32,MESA DE NOCHE WARM WHITE 1 GAVETA 32 CM. DS090201,DS090201,15.99,6.49,19,19,
5,33,"MESA DE NOCHE WARM WHITE, 2 GAVETAS 32 CM. DS090203",DS090203,15.99,7.45,14,14,
5,34,"MESA DE NOCHE WARM WHITE, 3 GAVETAS 32 CM. SHUQ090401",SHUQ090401,17.99,10.21,29,29,
5,35,"MESA DE NOCHE WARM WHITE, 3 GAVETAS 40 CM. DS090214",DS090214,19.99,11.51,3,3,
5,36,"MESA DE NOCHE YELLOW FIR + WARM WHITE, 1 GAVETA 36X34 CM. LXI090407",LXI090407,19.99,12.59,9,9,
5,37,"MESA DE NOCHE YELLOW FIR + WARM WHITE, 1 GAVETA 40 CM. ZQ093405",ZQ093405,24.99,13.06,15,15,
5,38,"MESA DE NOCHE YELLOW FIR + WARM WHITE, 1 GAVETA 40X34 CM. LXI090409",LXI090409,24.99,13.00,5,5,
5,39,"MESA DE NOCHE YELLOW FIR + WARM WHITE, 1 GAVETA 48X34 CM. LXI090411",LXI090411,26.99,13.94,27,27,
5,40,"MESA DE NOCHE YELLOW FIR + WARM WHITE, 2 GAVETAS 36X34 CM. LXI090408",LXI090408,19.99,13.42,34,34,
5,41,"MESA DE NOCHE YELLOW FIR + WARM WHITE, 2 GAVETAS 40 CM. ZQ093406",ZQ093406,24.99,14.54,7,7,
5,42,"MESA DE NOCHE YELLOW FIR + WARM WHITE, 2 GAVETAS 40X34 CM. LXI090410",LXI090410,26.99,13.95,22,22,
5,43,"MESA DE NOCHE YELLOW FIR + WARM WHITE, 2 GAVETAS 48X34 CM. LXI090412",LXI090412,26.99,15.52,24,24,
5,44,MUEBLE DE TV BLANCO 220X30X36CM / XXI070507,XXI070507,79.99,29.30,3,3,código XXI070507 repetido en la fila 46 (producto distinto)
5,45,MUEBLE DE TV CEDAR WARM WHITE 170cm XXI070506,XXI070506,109.99,63.25,0,0,
5,46,MUEBLE DE TV CEDAR WARM WHITE 180cm XXI070507,XXI070507,79.99,47.48,0,0,código XXI070507 repetido en la fila 44 (producto distinto)
5,47,MUEBLE DE TV CEDAR WARM WHITE 190cm XXI070509,XXI070509,79.99,48.90,0,0,
5,48,MUEBLE DE TV CEDAR WARM WHITE 220cm XXI070508,XXI070508,115.99,56.21,0,0,
5,49,MUEBLE DE TV NORDIC MAPLE CON 3 PUERTAS 120cm CHCH070202,CHCH070202,29.99,18.34,15,15,
5,50,MUEBLE DE TV NORDIC MAPLE CON 4 PUERTAS 140cm CHCH070205,CHCH070205,39.99,20.96,18,18,
5,51,MUEBLE DE TV NORDIC MAPLE CON PUERTA LATERAL 120cm CHCH070201,CHCH070201,29.99,17.52,-1,-1,
5,52,MUEBLE DESPENSA TIPO VITRINA WALNUT FINISH 70X92.2X26 CZX300101,CZX300101,55.99,30.40,6,6,
5,53,MUEBLE ORGANIZADOR 10 ESPACIOS 90X24 DOG270203,DOG270203,34.99,20.04,6,6,
5,54,MUEBLE ORGANIZADOR 100X60X110 CZX100309,CZX100309,49.99,29.35,7,7,
5,55,MUEBLE ORGANIZADOR 100X60X110 CZX100310,CZX100310,54.99,33.29,8,8,
5,56,MUEBLE ORGANIZADOR 3 REPISAS 100X35X80 HYI220725,HYI220725,49.99,28.97,7,7,
5,57,MUEBLE ORGANIZADOR 4 REPISAS 60.5X120X34 YSDS270203,YSDS270203,55.99,32.27,6,6,
5,58,MUEBLE ORGANIZADOR 6 ESPACIOS 90X24 DOG270201,DOG270201,22.99,12.91,6,6,
5,59,MUEBLE ORGANIZADOR 68X50X195 BLACK CZX100304,CZX100304,44.99,25.33,2,2,
5,60,MUEBLE ORGANIZADOR 68X50X195 WHITE CZX100308,CZX100308,44.99,25.33,5,5,
5,61,MUEBLE ORGANIZADOR 73X93 BLACK WALNUT XLB0118301,XLB0118301,25.99,14.93,5,5,
5,62,MUEBLE ORGANIZADOR AUXILIAR DE COCINA 110X80X25 XS225007,XS225007,59.99,32.50,5,5,
5,63,MUEBLE ORGANIZADOR AUXILIAR DE COCINA 110X80X35 XS225019,,75.99,40.99,5,5,
5,64,MUEBLE ORGANIZADOR AUXILIAR DE COCINA 110X80X40 XS225013,XS225013,79.99,43.95,5,5,
5,65,MUEBLE ORGANIZADOR AUXILIAR DE COCINA 110X80X50 XS225016,XS225016,89.99,51.52,5,5,
5,66,MUEBLE ORGANIZADOR AUXILIAR DE COCINA 110X80X50 YUSE220216,YUSE220216,89.99,52.74,5,5,
5,67,MUEBLE ORGANIZADOR AUXILIAR DE COCINA 80X80X30 JIAT222224,JIAT222224,48.99,27.04,5,5,
5,68,MUEBLE ORGANIZADOR AUXILIAR DE COCINA 90X80X35 XS225018,XS225018,65.99,35.97,5,5,
5,69,MUEBLE ORGANIZADOR AUXILIAR DE COCINA 90X80X50 XS225015,XS225015,85.99,45.50,5,5,
5,70,MUEBLE ORGANIZADOR COCINA 58X98.2X34 XLB221206,XLB221206,34.99,19.02,8,8,
5,71,MUEBLE ORGANIZADOR CON 3 PUERTAS Y 2 REPISAS 120X112X30 XS273004,XS273004,64.99,36.86,5,5,
5,72,MUEBLE ORGANIZADOR CON 3 PUERTAS Y 3 REPISAS 120X143X30 XS273006,XS273006,85.99,48.55,5,5,
5,73,MUEBLE ORGANIZADOR CON 3 PUERTAS Y 3 REPISAS 80X143X30 XS273012,XS273012,65.99,36.16,5,5,
5,74,MUEBLE ORGANIZADOR CON PUERTAS 60X40X80 HYI221013,HYI221013,55.99,30.62,10,10,
5,75,MUEBLE ORGANIZADOR CON PUERTAS 60X50X80 QH221813,QH221813,59.99,33.83,6,6,
5,76,MUEBLE ORGANIZADOR CON PUERTAS 63X40X80 DOG300118,DOG300118,59.99,33.25,4,4,
5,77,MUEBLE ORGANIZADOR CON PUERTAS Y REPISA 110X80X40 HYI221008,HYI221008,94.99,52.89,5,5,
5,78,MUEBLE ORGANIZADOR DE COCINA 60X126X30 XLB220311,XLB220311,29.99,17.83,5,5,
5,79,MUEBLE ORGANIZADOR DE COCINA 60X126X30 XS220805,XS220805,29.99,17.83,5,5,
5,80,MUEBLE ORGANIZADOR DE COCINA 60X161X30 XLB220312,XLB220312,39.99,22.61,3,3,
6,1,MUEBLE ORGANIZADOR DE COCINA 60X161X30 XS220806,XS220806,39.99,22.61,3,3,
6,2,MUEBLE ORGANIZADOR DE COCINA CON CESTAS 120X80X50 QH222209,QH222209,109.99,61.77,5,5,
6,3,MUEBLE ORGANIZADOR DE COCINA CON CESTAS 80X103X30 JIAT222703,JIAT222703,39.99,23.39,5,5,
6,4,MUEBLE ORGANIZADOR DE COCINA CON CESTAS 80X103X30 XLB220613,XLB220613,44.99,24.64,5,5,
6,5,MUEBLE ORGANIZADOR DE COCINA CON CESTAS 80X103X30 XLB221103,XLB221103,44.99,24.89,5,5,
6,6,MUEBLE ORGANIZADOR DE COCINA CON CESTAS 80X130X30 JIAT222705,JIAT222705,45.99,27.29,5,5,
6,7,MUEBLE ORGANIZADOR DE COCINA CON CESTAS 80X130X30 XLB220615,XLB220615,45.99,28.16,5,5,
6,8,MUEBLE ORGANIZADOR DE COCINA CON CESTAS 80X130X30 XLB221105,XLB221105,45.99,0.00,5,5,costo 0.00 en la captura
6,9,MUEBLE ORGANIZADOR DE COCINA CON CESTAS 90X103X30 JIAT222706,JIAT222706,44.99,24.17,5,5,
6,10,MUEBLE ORGANIZADOR DE COCINA CON CESTAS 90X103X30 XLB220618,XLB220618,39.99,23.54,5,5,
6,11,MUEBLE ORGANIZADOR DE COCINA CON CESTAS 90X103X30 XLB221107,XLB221107,39.99,23.45,5,5,
6,12,MUEBLE ORGANIZADOR DE COCINA CON CESTAS 90X130X30 JIAT222707,JIAT222707,45.99,28.26,5,5,
6,13,MUEBLE ORGANIZADOR DE COCINA CON CESTAS 90X130X30 XLB220620,XLB220620,55.99,31.15,5,5,
6,14,MUEBLE ORGANIZADOR DE COCINA CON CESTAS 90X130X30 XLB221109,XLB221109,55.99,31.39,5,5,
6,15,MUEBLE PARA JARDIN 100X40X100 HYI360747,HYI360747,35.99,20.41,10,10,
6,16,MUEBLE PARA JARDIN 120X40 HYI360743,HYI360743,35.99,19.07,10,10,
6,17,MUEBLE PARA JARDIN 140X40X100 HYI360748,HYI360748,39.99,22.89,11,11,
6,18,MUEBLE PARA JARDIN 60X40 HYI360701,HYI360701,19.99,9.45,9,9,
6,19,MUEBLE PARA JARDIN 80X40 HYI360702,HYI360702,25.99,10.98,10,10,
6,20,MUEBLE PARA JARDIN 80X40 HYI360726,HYI360726,29.99,13.21,10,10,
6,21,MUEBLE PARA JARDIN 80X40X100 HYI360745,HYI360745,29.99,17.28,8,8,
6,22,MUEBLE PARA TV COLOR SANDALWOOD,ZJ074902,39.99,26.26,1,1,
6,23,MUEBLE PARA TV DARK WAlNUT 140cm LXI071005,LXI071005,49.99,29.27,17,17,
6,24,MUEBLE PARA TV DARK WAlNUT 140cm LXI071006,LXI071006,59.99,33.09,18,18,
6,25,MUEBLE PARA TV GRIS CON PUERTAS BLANCAS 120X30X38CM / ZJ074903,ZJ074903,39.99,23.18,2,2,
6,26,MUEBLE PARA TV SANDALWOOD ZJ074301,ZJ074301,39.99,23.11,20,20,
6,27,MUEBLE PARA TV WHITE CEDAR WOOD 120cm LXI071003,LXI071003,49.99,29.15,18,18,
6,28,MUEBLE PARA TV WHITE CEDAR WOOD 140cm LXI071004,LXI071004,59.99,32.98,18,18,
6,29,MUEBLE PARA TV WHITE WITH FLOWER 190cm ZJ075102,ZJ075102,39.99,22.43,18,18,
6,30,MUEBLE PARA TV WHITE WITH FLOWER ZJ074901,ZJ074901,39.99,22.43,19,19,
6,31,MUEBLE TV 160X24X20 WARM WHITE 3 DOORS / WW160,WW160,79.99,42.43,0,0,
6,32,MUEBLE ZAPATERA 100X102X34 DOG020202,DOG020202,69.99,39.54,14,14,
6,33,MUEBLE ZAPATERA 100X102X34 DOG020206,DOG020206,59.99,38.88,15,15,
6,34,MUEBLE ZAPATERA 100X102X34 YOYU020802,YOYU020802,59.99,38.75,3,3,
6,35,MUEBLE ZAPATERA 100X110X36 PT020102,PT020102,159.99,93.16,15,15,
6,36,MUEBLE ZAPATERA 100X116.5X17 MIK020703,MIK020703,79.99,45.45,15,15,
6,37,MUEBLE ZAPATERA 100X118.5X17 MIK020711,MIK020711,69.99,42.07,8,8,
6,38,MUEBLE ZAPATERA 100X118.5X24 ALJ021439,ALJ021439,89.99,52.78,10,10,
6,39,MUEBLE ZAPATERA 100X118.5X24 MIK020715,MIK020715,89.99,52.78,0,0,
6,40,MUEBLE ZAPATERA 100X180X32 XD025301,XD025301,89.99,51.46,15,15,
6,41,MUEBLE ZAPATERA 100X180X32 YOYU020804,YOYU020804,89.99,49.68,20,20,
6,42,MUEBLE ZAPATERA 103X121.5X17 YOYU020303,YOYU020303,84.00,38.00,-7,-7,
6,43,MUEBLE ZAPATERA 103X121.5X17 YOYU020427,YOYU020427,89.99,51.64,5,5,
6,44,MUEBLE ZAPATERA 120X102X34 XU023703,,69.99,42.00,0,0,sin código; precio de venta aparece en gris en la captura
6,45,MUEBLE ZAPATERA 120X118.5X24 MIK020708,MIK020708,99.99,59.79,6,6,
6,46,MUEBLE ZAPATERA 120X118.5X24 MIK020716,MIK020716,119.99,0.00,11,11,costo 0.00 en la captura
6,47,MUEBLE ZAPATERA 120X118.5X24 MIK020724,MIK020724,119.99,68.43,8,8,
6,48,MUEBLE ZAPATERA 120X124X32 XD025607,XD025607,149.99,89.20,10,10,
6,49,MUEBLE ZAPATERA 140X102X34 DOG020204,DOG020204,94.99,52.34,13,13,
6,50,MUEBLE ZAPATERA 140X102X34 DOG020208,DOG020208,89.99,51.35,20,20,
6,51,MUEBLE ZAPATERA 140X110X36 PT020104,PT020104,189.99,122.29,15,15,
6,52,MUEBLE ZAPATERA 140X180X34 XD025303,XD025303,109.99,65.06,16,16,
6,53,MUEBLE ZAPATERA 140X96X32 XXI021504,XXI021504,94.99,67.52,13,13,
6,54,MUEBLE ZAPATERA 60X118.5X17 MIK020717,MIK020717,59.99,36.46,2,2,
6,55,MUEBLE ZAPATERA 80X102X34 DOG020201,DOG020201,59.99,34.15,15,15,
6,56,MUEBLE ZAPATERA 80X102X34 XU023701,,59.99,35.00,0,0,sin código; precio de venta aparece en gris en la captura
6,57,MUEBLE ZAPATERA 80X102X34 YOYU020801,,59.99,35.00,0,0,
6,58,MUEBLE ZAPATERA 80X118.5X24 MIK020714,MIK020714,79.99,46.34,0,0,
6,59,MUEBLE ZAPATERA 90X124X32 YOSE020106,YOSE020106,129.99,74.04,10,10,
6,60,MUEBLE ZAPATERA 90X96X32 XXI021502,XXI021502,69.99,47.90,2,2,
6,61,MUEBLE ZAPATERA CURCUMA SANDALWOOD 80X102X34 DOG020205,DOG020205,65.99,35.67,15,15,
6,62,MUEBLE ZAPATERA EN MADERA QMW020203,QMW020203,109.99,64.94,11,11,
6,63,MUEBLE ZAPATERA EN MADERA QMW020205,QMW020205,149.99,86.80,14,14,
6,64,MUEBLE ZAPATERA EN MADERA QMW020207,QMW020207,89.99,53.32,14,14,
6,65,MUEBLE ZAPATERA EN MADERA QMW020209,QMW020209,129.99,74.69,13,13,
6,66,MUEBLE ZAPATERA MORANDI PINE 80X102X34 YOYU020801,YOYU020801,59.99,34.17,14,14,
6,67,MUEBLE ZAPATERA WHITE 63X57.5X24 YOYU020422,YOYU020422,89.99,51.82,2,2,
6,68,PEINADORA CREAM WHITE SIN ESPEJO 100cm LXI062902,LXI062902,79.99,31.06,41,41,
6,69,PEINADORA CREAM WHITE SIN ESPEJO 100cm LXI062904,LXI062904,79.99,31.00,17,17,
6,70,PEINADORA CREAM WHITE SIN ESPEJO 100cm LXI062906,LXI062906,69.99,31.59,16,16,
6,71,PEINADORA CREAM WHITE SIN ESPEJO 80cm LXI062901,LXI062901,69.99,28.19,19,19,
6,72,PEINADORA CREAM WHITE SIN ESPEJO 80cm LXI062903,LXI062903,69.99,31.59,20,20,
6,73,PEINADORA CREAM WHITE SIN ESPEJO 80cm LXI062905,LXI062905,69.99,28.19,17,17,
6,74,PEINADORA FOG GREY CON ESPEJO 80cm ZQ063605,ZQ063605,69.99,24.35,4,4,
6,75,PEINADORA FOG GREY CON ESPEJO LED 100cm ZQ063608,ZQ063608,89.99,32.59,4,4,
6,76,PEINADORA FOG GREY CON ESPEJO LED 60cm ZQ063606,ZQ063606,45.99,21.60,18,18,
6,77,PEINADORA FOG GREY CON ESPEJO LED 80cm ZQ063607,ZQ063607,79.99,26.24,18,18,
6,78,PEINADORA FOG GREY CON ESPEJO REDONDO LED 100cm XXI062002,XXI062002,89.99,51.00,18,18,
6,79,PEINADORA FOG GREY CON ESPEJO REDONDO LED 80cm XXI062001,XXI062001,79.99,52.79,18,18,
6,80,"PEINADORA FOG GREY MDF CON ESPEJO 2 PUERTAS, 1 GAVETA 100cm CHCH010907",CHCH010907,89.99,34.50,18,18,
7,1,"PEINADORA FOG GREY MDF CON ESPEJO 2 PUERTAS, 1 GAVETA 100cm CHCH010908",CHCH010908,79.99,36.54,18,18,
7,2,"PEINADORA FOG GREY MDF CON ESPEJO 2 PUERTAS, 1 GAVETA 80cm CHCH010906",CHCH010906,69.99,27.26,18,18,
7,3,"PEINADORA FOG GREY MDF CON ESPEJO LED 2 PUERTAS, 1 GAVETA 80cm CHCH010905",CHCH010905,79.99,29.61,17,17,
7,4,PEINADORA FOG GREY MDF CON ESPEJO LED REDONDO 100cm QYA014909,QYA014909,89.99,38.99,18,18,
7,5,PEINADORA WARM WHITE CON ESPEJO 80cm ZQ063601,ZQ063601,69.99,24.24,18,18,
7,6,PEINADORA WARM WHITE CON ESPEJO CUADRADO 80cm QYA016601,QYA016601,69.99,34.27,18,18,
7,7,PEINADORA WARM WHITE CON ESPEJO CUADRADO+LUCES LED 80cm QYA016602,QYA016602,79.99,36.60,17,17,
7,8,PEINADORA WARM WHITE CON ESPEJO LED 100cm ZQ063603,ZQ063603,79.99,32.36,18,18,
7,9,PEINADORA WARM WHITE CON ESPEJO LED 80cm ZQ063602,ZQ063602,79.99,26.12,18,18,
7,10,PEINADORA WARM WHITE CON ESPEJO LED REDONDO 100cm QYA014908,QYA014908,89.99,38.89,18,18,
7,11,PEINADORA WARM WHITE CON ESPEJO REDONDO 100cm LXI063106,LXI063106,79.99,30.26,18,18,
7,12,PEINADORA WARM WHITE CON ESPEJO REDONDO 100cm QYA014910,QYA014910,69.99,32.38,18,18,
7,13,PEINADORA WARM WHITE CON ESPEJO REDONDO 100cm QYA014911,QYA014911,79.99,36.54,18,18,
7,14,PEINADORA WARM WHITE CON ESPEJO REDONDO 100cm QYA014912,QYA014912,79.99,36.54,18,18,
7,15,PEINADORA WARM WHITE CON ESPEJO REDONDO 60cm LXI063101,LXI063101,45.99,18.65,20,20,
7,16,PEINADORA WARM WHITE CON ESPEJO REDONDO 60cm LXI063102,LXI063102,45.99,20.35,18,18,
7,17,PEINADORA WARM WHITE CON ESPEJO REDONDO 80cm LXI063104,LXI063104,69.99,24.10,18,18,
7,18,PEINADORA WARM WHITE CON ESPEJO REDONDO 80cm QYA014905,QYA014905,69.99,31.63,6,6,
7,19,PEINADORA WARM WHITE CON ESPEJO REDONDO 80cm QYA016603,QYA016603,69.99,34.27,18,18,
7,20,PEINADORA WARM WHITE CON ESPEJO REDONDO LED 100cm LXI063107,LXI063107,89.99,32.38,18,18,
7,21,PEINADORA WARM WHITE CON ESPEJO REDONDO LED 100cm QYA014907,QYA014907,89.99,34.50,18,18,
7,22,PEINADORA WARM WHITE CON ESPEJO REDONDO LED 100cm XXI062004,XXI062004,89.99,47.91,18,18,
7,23,PEINADORA WARM WHITE CON ESPEJO REDONDO LED 60cm LXI063103,LXI063103,55.99,22.68,16,16,
7,24,PEINADORA WARM WHITE CON ESPEJO REDONDO LED 80cm LXI063105,LXI063105,79.99,26.22,31,31,
7,25,PEINADORA WARM WHITE CON ESPEJO REDONDO LED 80cm QYA014901,QYA014901,79.99,29.61,18,18,
7,26,PEINADORA WARM WHITE CON ESPEJO REDONDO LED 80cm QYA014902,QYA014902,79.99,33.75,18,18,
7,27,PEINADORA WARM WHITE CON ESPEJO REDONDO LED 80cm QYA014903,QYA014903,79.99,33.75,9,9,
7,28,PEINADORA WARM WHITE CON ESPEJO REDONDO LED 80cm XXI062003,XXI062003,79.99,48.26,18,18,
7,29,PEINADORA WARM WHITE CON ESPEJO REDONDO+LUCES LED 80cm QYA016604,QYA016604,79.99,36.86,18,18,
7,30,Propinas,TIPS,0.00,0.00,,,
7,31,SOFÁCAMA CON PORTAVASOS 2 PUESTOS GRIS 5764W,5764,229.99,185.00,0,0,
7,32,SOFÁCAMA CON PORTAVASOS 2 PUESTOS MARRON 5764BR,5764BR,229.99,185.00,0,0,
7,33,SOFÁCAMA CON PORTAVASOS 2 PUESTOS VERDE 5764GR,5764GR,229.99,185.00,0,0,
7,34,SOFÁCAMA GRIS 3 PUESTOS 77087,77087,189.99,100.00,3,3,
7,35,SOGA MULTIUSOS 10 Mts.,9956,1.99,0.80,15,15,
7,36,SOGA MULTIUSOS 20 Mts.,9957,2.99,1.50,19,19,
7,37,SPEJOS 170X40 WALNUT / DX-021170WA,DX-021170WA,69.99,22.90,2,2,
7,38,TOCADOR BLACK 120cm XXI061706,XXI061706,139.99,26.66,18,18,
7,39,TOCADOR BLACK 80cm XXI061704,XXI061704,79.99,20.48,11,11,
7,40,VENTILADOR CLIP DE 7 PULGADAS / YOY,VE42,1.99,1.49,36,36,
7,41,X COLCHON IMPERIAL TWIN 2/3 PARA COMBO,,0.00,0.00,,,
7,42,X COLCHON IMPERIAL TWIN 3/3 PARA COMBO,,0.00,0.00,,,
7,43,ZAPATERA 120 x102 x 26cm/RUY230606,RUY230606,29.99,23.04,11,11,
7,44,ZAPATERA 3 PUERTAS CON CAJONES BLANCA 100X17X125CM/ KR021803,KR021803,44.99,26.00,1,1,
7,45,ZAPATERA 3 PUERTAS Y ALMACENAMIENTO 42X30X105CM / WPE021604,WPE021604,38.99,17.88,2,2,
7,46,ZAPATERA 6 NIVELES 102X88X26 BLANCA / RUY230702,RUY230702,29.99,17.43,3,3,
7,47,ZAPATERA 6 NIVELES BLANCA 42X26X88 / QW230515,QW230515,16.99,10.74,6,6,
7,48,ZAPATERA 7 NIVELES 82X26X104 BLANCA / RUY230703,RUY230703,29.99,20.05,1,1,
7,49,ZAPATERA 8 NIVELES SANDALWOOD 102X120X26 RUY230612,RUY230612,30.00,22.93,5,5,
7,50,ZAPATERA CON PUERTA 3 NIVELES 80X17X115 MAPLE WOOD PUERTAS BLANCAS / KR021703,KR021703,39.99,20.78,3,3,
7,51,ZAPATERA CON PUERTA 3 NIVELES 80X17X115 MAPLE WOOD PUERTAS BLANCAS / KR021704,KR021704,49.99,21.31,4,4,
7,52,ZAPATERA CON PUERTAS DE 3 NIVELES 100X17X115 BLANCA CON PUERTAS BLANCAS / KR021702,KR021702,39.99,23.18,1,1,
7,53,ZAPATERA CON PUERTAS DE 3 NIVELES 80X26X115 BLANCA PUERTAS BLANCAS / KR021701,KR021701,44.99,27.71,6,6,
7,54,ZAPATERA DE 6 NIVELES 82X26X88 BLANCA / RUY230701,RUY230701,29.99,15.97,3,3,
7,55,ZAPATERA QW022505 Tres Cajones 80CM,QW022505,44.99,21.32,2,2,
